sales_channel,revenue,avg_discount_pct,avg_margin_proxy_pct,high_discount_share
Reseller,187946270.8,0.1924504351917196,0.4714647689966752,0.4215478710891555
Partner,374248178.03,0.17675547353934692,0.47850430029723057,0.3032653571875391
Direct,1047570937.25,0.16653929992472308,0.4774787014055199,0.22201311969028928
Online,232724753.98,0.12380180057290956,0.5328699500315611,0.04760605647251398
