segment,revenue,avg_discount_pct,avg_margin_proxy_pct,high_discount_revenue,repeat_discount_behavior,high_discount_revenue_share
Enterprise,1079221234.08,0.1984962214350212,0.43546836593005167,508342422.33000004,1.0,0.47102707607800637
Mid-Market,425618699.68,0.15786888868679522,0.5013531610719983,44923261.86,0.9997271735176427,0.10554813943507511
Public Sector,147275739.81,0.18184399585921326,0.42800672638092996,40894139.269999996,1.0,0.27767057441203424
SMB,190374466.49,0.11898997050147493,0.5536756709892386,1664448.3900000001,0.9854351032448377,0.008743023267184994
