high_discount_threshold,high_discount_revenue_share,high_discount_order_item_share,margin_proxy_pct_on_high_discount,customer_share_over_40pct_high_discount_revenue,revenue_with_margin_at_risk
0.15,0.7627138851468901,0.6163256752154664,0.46015519521858406,0.5191815856777494,138526614.92000002
0.2,0.32337989707266335,0.2277526000052393,0.44502297500881655,0.1517476555839727,45339566.57
0.25,0.035821009374764276,0.02472952086553323,0.4277337659217557,0.0017050298380221654,8001860.34
